{"cameraMode":{"drawMode":0,"name":"Shaded","section":"Shading Mode"},"sceneLighting":true,"audioPlay":false,"sceneViewState":{"showFog":true,"showMaterialUpdate":true,"showSkybox":true,"showFlares":true,"showImageEffects":true,"showParticleSystems":true},"in2DMode":false,"pivot":{"x":0.8172956705093384,"y":-0.1430436372756958,"z":1.0068511962890626},"rotation":{"x":-0.17842912673950196,"y":-0.5729933977127075,"z":0.12952221930027009,"w":-0.7893475294113159},"size":2.4571642875671388,"orthographic":false}