{"cameraMode":{"drawMode":0,"name":"Shaded","section":"Shading Mode"},"sceneLighting":true,"audioPlay":false,"sceneViewState":{"showFog":true,"showMaterialUpdate":true,"showSkybox":true,"showFlares":true,"showImageEffects":true,"showParticleSystems":true},"in2DMode":false,"pivot":{"x":3.185603141784668,"y":-0.10003310441970825,"z":0.8048833608627319},"rotation":{"x":-0.19916819036006928,"y":-0.3787823021411896,"z":0.0838320329785347,"w":-0.8999074697494507},"size":5.457164764404297,"orthographic":false}